Country,Name,"Institution, Department"
Argentina,Vicente Barros,"University of Buenos Aires, Department of Atmospheric Sciences"
Argentina,Marcelo Cabido,"Universidad Nacional de Córdoba (CONICET), Instituto Multidisciplinario de Biología Vegetal"
Argentina,,
Argentina,,
Argentina,,
Argentina,,
Argentina,,
Argentina,,
Argentina,,
Argentina,,
,,
Austria,,
Austria,,
,,
Australia,,
Australia,,
Australia,,
Australia,,
Australia,,
Australia,,
Australia,,
Australia,,
Australia,,
Australia,,
Australia,,
Australia,,
Australia,,
Australia,,
Australia,,
Australia,,
Australia,,
Australia,,
Australia,,
Australia,,
Australia,,
Australia,,
Australia,,
Australia,,
Australia,,
Australia,,
Australia,,
Australia,,
Australia,,
Australia,,
Australia,,
Australia,,
Australia,,
Australia,,
Australia,,
Australia,,
Australia,,
Australia,,
Australia,,
Australia,,
Australia,,
Australia,,
Australia,,
Australia,,
Australia,,
Australia,,
Australia,,
Australia,,
Australia,,
Australia,,
Australia,,
Australia,,
Australia,,
Australia,,
Australia,,
Australia,,
Australia,,
Australia,,
Australia,,
Australia,,
Australia,,
Australia,,
Australia,,
