Chapter,Role,Name,Institution,Citizenship,Affiliation
"
Technical Summary",Coordinating Lead Author,,,,
"
Technical Summary",Coordinating Lead Author,,,,
"
Technical Summary",Coordinating Lead Author,,,,
"
Technical Summary",Coordinating Lead Author,,,,
"
Technical Summary",Coordinating Lead Author,,,,
"
Technical Summary",Coordinating Lead Author,,,,
,,,,,
"
Technical Summary",Lead Author,,,,
"
Technical Summary",Lead Author,,,,
"
Technical Summary",Lead Author,,,,
"
Technical Summary",Lead Author,,,,
"
Technical Summary",Lead Author,,,,
"
Technical Summary",Lead Author,,,,
"
Technical Summary",Lead Author,,,,
"
Technical Summary",Lead Author,,,,
"
Technical Summary",Lead Author,,,,
"
Technical Summary",Lead Author,,,,
"
Technical Summary",Lead Author,,,,
"
Technical Summary",Lead Author,,,,
"
Technical Summary",Lead Author,,,,
"
Technical Summary",Lead Author,,,,
"
Technical Summary",Lead Author,,,,
"
Technical Summary",Lead Author,,,,
"
Technical Summary",Lead Author,,,,
"
Technical Summary",Lead Author,,,,
"
Technical Summary",Lead Author,,,,
"
Technical Summary",Lead Author,,,,
"
Technical Summary",Lead Author,,,,
"
Technical Summary",Lead Author,,,,
"
Technical Summary",Lead Author,,,,
"
Technical Summary",Lead Author,,,,
"
Technical Summary",Lead Author,,,,
"
Technical Summary",Lead Author,,,,
"
Technical Summary",Lead Author,,,,
"
Technical Summary",Lead Author,,,,
"
Technical Summary",Lead Author,,,,
"
Technical Summary",Lead Author,,,,
"
Technical Summary",Lead Author,,,,
"
Technical Summary",Lead Author,,,,
"
Technical Summary",Lead Author,,,,
"
Technical Summary",Lead Author,,,,
"
Technical Summary",Lead Author,,,,
"
Technical Summary",Lead Author,,,,
"
Technical Summary",Lead Author,,,,
"
Technical Summary",Lead Author,,,,
"
Technical Summary",Lead Author,,,,
"
Technical Summary",Lead Author,,,,
"
Technical Summary",Lead Author,,,,
"
Technical Summary",Lead Author,,,,
"
Technical Summary",Lead Author,,,,
"
Technical Summary",Lead Author,,,,
"
Technical Summary",Lead Author,,,,
"
Technical Summary",Lead Author,,,,
"
Technical Summary",Lead Author,,,,
"
Technical Summary",Lead Author,,,,
"
Technical Summary",Lead Author,,,,
"
Technical Summary",Lead Author,,,,
"
Technical Summary",Lead Author,,,,
"
Technical Summary",Lead Author,,,,
"
Technical Summary",Lead Author,,,,
"
Technical Summary",Lead Author,,,,
"
Technical Summary",Lead Author,,,,
,,,,,
"
Technical Summary",Review Editor,,,,
"
Technical Summary",Review Editor,,,,
,,,,,
"
Technical Summary",Contributing Author,,,,
"
Technical Summary",Contributing Author,,,,
"
Technical Summary",Contributing Author,,,,
"
Technical Summary",Contributing Author,,,,
"
Technical Summary",Contributing Author,,,,
"
Technical Summary",Contributing Author,,,,
"
Technical Summary",Contributing Author,,,,
"
Technical Summary",Contributing Author,,,,
"
Technical Summary",Contributing Author,,,,
"
Technical Summary",Contributing Author,,,,
"
Technical Summary",Contributing Author,,,,
"
Technical Summary",Contributing Author,,,,
